insertNodeBetweenRoutes,edgeOpt,insertTwoNodes,twoOptAlgorithm,insertNodeInRoute,swapNodeInRoute,swapNodeWithinRoutes,nodesRemoveAndGreedyInsert,swapHubWithNode
insertNodeBetweenRoutes,edgeOpt,insertTwoNodes,twoOptAlgorithm,insertNodeInRoute,swapNodeInRoute,,,
insertNodeBetweenRoutes,edgeOpt,insertTwoNodes,insertNodeInRoute,swapHubWithNode,,,,
insertNodeBetweenRoutes,edgeOpt,twoOptAlgorithm,insertNodeInRoute,swapHubWithNode,,,,
insertNodeInRoute,insertNodeBetweenRoutes,edgeOpt,insertTwoNodes,swapHubWithNode,,,,
insertNodeInRoute,insertNodeBetweenRoutes,edgeOpt,nodesRemoveAndGreedyInsert,swapHubWithNode,,,,
insertNodeBetweenRoutes,insertNodeInRoute,swapNodeInRoute,swapNodeWithinRoutes,swapHubWithNode,,,,
swapNodeInRoute,swapNodeWithinRoutes,edgeOpt,insertTwoNodes,swapHubWithNode,,,,
swapNodeInRoute,swapNodeWithinRoutes,edgeOpt,twoOptAlgorithm,swapHubWithNode,,,,
swapNodeInRoute,swapNodeWithinRoutes,insertTwoNodes,twoOptAlgorithm,swapHubWithNode,,,,
insertNodeBetweenRoutes,insertNodeInRoute,edgeOpt,swapHubWithNode,,,,,
insertNodeInRoute,insertNodeBetweenRoutes,twoOptAlgorithm,swapHubWithNode,,,,,
swapNodeInRoute,swapNodeWithinRoutes,edgeOpt,swapHubWithNode,,,,,
swapNodeInRoute,swapNodeWithinRoutes,nodesRemoveAndGreedyInsert,swapHubWithNode,,,,,
swapNodeInRoute,swapNodeWithinRoutes,swapHubWithNode,,,,,,
insertNodeBetweenRoutes,edgeOpt,swapHubWithNode,,,,,,
insertTwoNodes,insertNodeInRoute,swapHubWithNode,,,,,,
nodesRemoveAndGreedyInsert,swapHubWithNode,,,,,,,
insertNodeInRoute,insertNodeBetweenRoutes,,,,,,,
swapNodeInRoute,swapNodeWithinRoutes,,,,,,,
insertNodeInRoute,twoOptAlgorithm,,,,,,,
